{"player_x": 424.85710678118767, "player_y": 264.9928932188136}